"T","N","time","status","G"
1,2,0.751133714990421,0,"sim1"
4,1,0.21579487508572,1,"sim1"
2,2,0.255004883278161,0,"sim1"
1,4,0.261144971940666,0,"sim1"
2,4,0.944095798721456,1,"sim1"
1,1,0.645434783305973,1,"sim1"
1,3,0.410941500079949,0,"sim1"
4,2,0.097666761487135,1,"sim1"
1,3,0.259490847587585,1,"sim1"
2,2,0.182774484157562,0,"sim1"
4,3,0.317942590041204,1,"sim1"
2,2,0.24549665955424,1,"sim1"
2,3,0.309167423393893,1,"sim1"
3,1,0.00682787564903821,1,"sim1"
1,1,0.550815182738006,1,"sim1"
4,2,0.088729139796834,0,"sim1"
2,1,1.07943192529408,0,"sim1"
1,1,1.1507915071723,1,"sim1"
1,2,0.788152259732497,1,"sim1"
4,3,0.0173238683951452,1,"sim1"
1,4,0.314347056733333,1,"sim1"
2,3,0.41830554436598,1,"sim1"
3,1,0.170759055721197,1,"sim1"
4,4,0.156582639700901,1,"sim1"
2,3,0.129541072160005,0,"sim1"
2,3,0.218121957033873,0,"sim1"
1,3,0.187676986213773,1,"sim1"
3,1,0.13335309661344,1,"sim1"
1,2,0.0626064980465913,1,"sim1"
1,1,0.123650898352269,0,"sim1"
4,3,0.040326097117464,1,"sim1"
4,2,0.200738606297794,1,"sim1"
2,3,0.542976936909477,1,"sim1"
4,1,0.051124545014472,1,"sim1"
1,1,0.323670339423778,0,"sim1"
2,2,0.200012656796696,1,"sim1"
3,2,0.0691061922006659,0,"sim1"
2,1,0.0390811805424795,1,"sim1"
1,2,0.00581660820171237,1,"sim1"
2,1,1.09532627272875,1,"sim1"
1,1,0.691112245898694,1,"sim1"
2,2,0.371724644155541,1,"sim1"
2,2,0.0428905738517642,0,"sim1"
1,2,2.13118241337537,0,"sim1"
1,1,0.0257699441536342,0,"sim1"
1,1,0.284139898139983,0,"sim1"
2,1,0.570156719069928,0,"sim1"
2,2,0.0258550025682356,1,"sim1"
2,1,0.270685737251628,0,"sim1"
1,4,0.500482755603603,1,"sim1"
1,1,0.223496817052364,0,"sim1"
2,2,0.105873716472119,1,"sim1"
4,1,0.136865554386831,1,"sim1"
1,1,0.490563893690705,0,"sim1"
1,3,1.00377631642641,1,"sim1"
2,1,0.312991930171847,0,"sim1"
1,1,0.0448293425142765,0,"sim1"
3,2,0.0851595062337722,1,"sim1"
4,2,0.00366686266181697,1,"sim1"
1,2,0.832729370291245,0,"sim1"
2,3,0.437139393878731,1,"sim1"
1,1,0.269601019565016,1,"sim1"
1,2,0.0791218280792236,1,"sim1"
2,1,1.50712276055458,1,"sim1"
3,3,0.0512237050570548,0,"sim1"
2,2,0.1007212033797,1,"sim1"
3,3,0.380771952706138,1,"sim1"
3,3,0.0577303886946135,0,"sim1"
4,1,0.209684851414506,1,"sim1"
2,2,0.444997640438594,1,"sim1"
3,2,0.33836365371007,0,"sim1"
3,1,0.0517480571090378,1,"sim1"
3,2,0.0207181970992446,1,"sim1"
1,1,1.19892515331031,1,"sim1"
2,2,1.13620083339271,1,"sim1"
2,1,0.43237343383953,0,"sim1"
1,2,0.319242674391717,1,"sim1"
3,1,0.102354682674501,1,"sim1"
1,2,0.69570089252487,1,"sim1"
1,1,0.0747814868096281,1,"sim1"
2,1,0.25149112349963,0,"sim1"
2,3,0.116637879982591,0,"sim1"
2,2,0.0253223017789423,0,"sim1"
4,1,0.0761086663868158,0,"sim1"
1,1,0.448706758680374,1,"sim1"
2,2,0.113282095640898,0,"sim1"
3,4,0.213401314124181,1,"sim1"
4,2,0.0499497525278089,1,"sim1"
1,4,0.000500978473006029,1,"sim1"
2,1,1.57311349539998,1,"sim1"
1,1,0.311170935165137,0,"sim1"
2,3,0.118095744076362,1,"sim1"
1,2,0.714930484250813,0,"sim1"
2,3,0.0338795899828214,1,"sim1"
1,2,0.590844040736556,1,"sim1"
2,1,0.0882443844722408,0,"sim1"
4,1,0.00371835156731445,0,"sim1"
1,1,0.172875471370118,1,"sim1"
2,2,0.633748124353588,0,"sim1"
1,3,0.564327175728977,0,"sim1"
3,1,0.0256321142337998,1,"sim1"
1,2,0.647487363778055,0,"sim1"
2,2,0.574897726532072,0,"sim1"
4,3,0.00226244957820475,1,"sim1"
2,2,0.277981995916988,0,"sim1"
4,2,0.0113856307185041,1,"sim1"
4,2,0.126370912794299,1,"sim1"
3,1,0.346290078888125,1,"sim1"
2,2,0.814133751039557,1,"sim1"
1,1,0.3660205649212,1,"sim1"
2,4,0.186117354275098,1,"sim1"
1,2,0.442990551130839,0,"sim1"
1,1,0.614998218603432,1,"sim1"
2,4,0.202250780072063,0,"sim1"
3,2,0.155356899054875,1,"sim1"
1,1,0.847201285526013,0,"sim1"
1,3,0.307375454343855,0,"sim1"
4,3,0.0222232947376537,1,"sim1"
3,1,0.137721310004835,1,"sim1"
2,2,0.226707304362208,0,"sim1"
3,1,0.142565508174313,1,"sim1"
1,2,2.19955759296629,0,"sim1"
1,2,0.255265504863778,0,"sim1"
2,1,0.691903460770845,0,"sim1"
1,2,0.825677969450963,1,"sim1"
3,4,0.0839090469055151,1,"sim1"
1,1,1.14214402153612,0,"sim1"
1,1,1.02190131410481,0,"sim1"
1,1,0.28947266144678,0,"sim1"
2,3,0.353699155754656,0,"sim1"
3,1,0.254147944001433,1,"sim1"
4,2,0.0599324364244555,1,"sim1"
2,3,0.471399609423681,1,"sim1"
3,2,0.731060644282876,1,"sim1"
1,3,0.403794298242633,0,"sim1"
2,3,0.0369344986975193,0,"sim1"
3,3,0.0748111833221235,1,"sim1"
4,1,0.194755326956511,0,"sim1"
3,4,0.0870677288600257,1,"sim1"
2,2,0.378572075162083,0,"sim1"
1,2,0.096488611512138,1,"sim1"
2,2,0.529613028620687,1,"sim1"
1,1,0.0817578447218313,0,"sim1"
2,1,0.0260206335934617,0,"sim1"
3,3,0.0275233769628517,1,"sim1"
2,1,0.377442240249366,1,"sim1"
2,1,0.347087977024892,0,"sim1"
1,1,0.211173682939261,1,"sim1"
2,1,0.0525801560239753,1,"sim1"
3,2,0.671164514591549,1,"sim1"
3,3,0.235275811350813,0,"sim1"
1,3,0.543818964622915,1,"sim1"
1,2,0.70375171146946,0,"sim1"
2,1,0.144147441256791,1,"sim1"
1,1,0.407625900115818,1,"sim1"
1,2,0.31444212095812,1,"sim1"
3,1,0.189784643109962,1,"sim1"
2,1,0.155607448890805,0,"sim1"
2,2,0.159158668015152,0,"sim1"
2,1,0.232394515049832,0,"sim1"
1,3,0.00636305355056849,1,"sim1"
1,2,0.383422827813774,0,"sim1"
3,1,0.222701698342807,1,"sim1"
1,2,0.154749463892675,0,"sim1"
1,2,0.302245214317597,1,"sim1"
1,3,0.0520866673011765,1,"sim1"
3,2,0.00655158905553409,1,"sim1"
2,1,0.29488428728655,1,"sim1"
2,2,0.534269891296588,1,"sim1"
2,1,1.35345449387552,0,"sim1"
3,1,0.542505392216439,1,"sim1"
2,1,0.240966639675826,0,"sim1"
1,4,1.05806044528154,1,"sim1"
3,2,0.116913654226022,1,"sim1"
2,3,0.0332317428031262,1,"sim1"
3,1,0.00201695227298567,1,"sim1"
1,2,0.38639780273661,1,"sim1"
1,3,0.0743709875603444,1,"sim1"
1,4,0.0624710281638812,1,"sim1"
3,1,0.109486329125057,1,"sim1"
3,3,0.0460464590429194,1,"sim1"
1,2,0.73085386115582,1,"sim1"
2,3,0.64937851857394,0,"sim1"
2,1,0.339207091834396,1,"sim1"
3,1,0.0207612770815748,1,"sim1"
2,2,0.377824515643348,1,"sim1"
2,1,0.381709053306185,0,"sim1"
1,3,0.184730571229011,0,"sim1"
4,2,0.0998779055438027,1,"sim1"
4,2,0.277850569225848,0,"sim1"
2,1,0.228900329675525,0,"sim1"
1,2,0.376100530662611,1,"sim1"
3,4,0.0372907901376876,1,"sim1"
3,1,0.0751161630643316,1,"sim1"
2,4,0.013725299377431,1,"sim1"
2,2,0.243781290017068,0,"sim1"
2,2,0.0300310222500703,1,"sim1"
2,3,2.32172333622787,0,"sim1"
1,1,0.368344882824921,1,"sim1"
3,1,0.274203285286771,1,"sim1"
2,1,0.971360098528576,1,"sim1"
4,3,0.0506277706819711,1,"sim1"
3,1,0.694830146504176,1,"sim1"
1,3,1.14811795945735,1,"sim1"
2,2,0.0372743946500123,0,"sim1"
1,4,0.658211555084404,1,"sim1"
1,2,0.0769446883350611,0,"sim1"
1,2,0.303015841531904,0,"sim1"
2,1,0.569863112643361,1,"sim1"
2,1,0.141468486069779,1,"sim1"
2,2,0.116894180320446,1,"sim1"
2,1,0.109994415392626,1,"sim1"
2,1,0.0164197162727072,1,"sim1"
2,3,0.163613047858173,1,"sim1"
1,1,0.043651629704982,0,"sim1"
2,3,0.848935953299415,0,"sim1"
1,2,1.31481316122682,1,"sim1"
2,2,0.336699059698731,0,"sim1"
3,3,0.302157729415543,1,"sim1"
4,2,0.0746445727651724,1,"sim1"
1,2,0.120561074931175,1,"sim1"
4,3,0.134068407582805,1,"sim1"
3,2,0.00679996803053547,1,"sim1"
2,3,0.0257557230253651,1,"sim1"
1,1,1.33293089452655,1,"sim1"
1,2,0.526976828463376,0,"sim1"
2,2,0.149523616504893,1,"sim1"
1,3,0.951998604040825,0,"sim1"
2,3,0.116407940164208,0,"sim1"
4,2,0.197908735494224,1,"sim1"
3,1,0.0903714981370083,0,"sim1"
2,2,1.21316417395593,0,"sim1"
1,3,0.639689335599542,1,"sim1"
1,1,0.770780970300448,1,"sim1"
2,1,0.824548838618112,1,"sim1"
1,2,0.153048800214418,0,"sim1"
2,1,0.00485095897266777,1,"sim1"
3,3,0.30553884008753,1,"sim1"
1,1,0.29574054479599,0,"sim1"
4,1,0.0567244619578596,1,"sim1"
1,3,0.0955561374754917,1,"sim1"
2,3,0.130449253422036,0,"sim1"
2,1,0.791133965663274,0,"sim1"
3,1,0.168151556677868,1,"sim1"
1,2,0.144297359045595,1,"sim1"
3,2,0.288691132687993,1,"sim1"
1,2,0.130930761341006,1,"sim1"
4,3,0.0541143512590955,1,"sim1"
4,3,0.0233308253538135,1,"sim1"
3,2,0.280952597920189,1,"sim1"
2,1,0.208374257802257,0,"sim1"
2,1,1.29957377254487,0,"sim1"
3,1,0.372130427253926,1,"sim1"
2,1,0.331245896730975,1,"sim1"
1,3,0.0288685197010636,0,"sim1"
4,1,0.195182550339117,1,"sim1"
2,1,2.12949133092973,1,"sim1"
2,2,0.563748945636284,1,"sim1"
2,2,0.197200546506792,0,"sim1"
1,4,0.00848867177493334,1,"sim1"
2,4,0.132522782286419,0,"sim1"
1,4,0.331997948177293,1,"sim1"
2,3,0.0723773997326343,1,"sim1"
4,3,0.0232239210892827,1,"sim1"
1,3,0.15450859349221,0,"sim1"
3,1,0.130637506141978,1,"sim1"
1,2,0.171131152659655,1,"sim1"
1,2,0.148379466030747,0,"sim1"
1,1,0.155270298011601,0,"sim1"
1,3,0.179998254869133,0,"sim1"
1,4,0.0988006155645041,1,"sim1"
1,1,0.224807512480766,0,"sim1"
1,1,0.516281008096325,0,"sim1"
2,1,0.81429207423443,0,"sim1"
4,1,0.0543214760520537,1,"sim1"
3,2,0.0214179442203728,1,"sim1"
3,4,0.352601005111127,1,"sim1"
2,2,0.0722327907072506,1,"sim1"
1,1,0.760119224607052,0,"sim1"
3,1,0.0979930911301444,1,"sim1"
3,2,0.192160947980299,1,"sim1"
1,1,0.325479181017727,0,"sim1"
1,2,0.568083854857832,0,"sim1"
2,1,0.529226323589683,0,"sim1"
1,1,0.345140621066093,0,"sim1"
1,2,0.653430980630219,1,"sim1"
1,1,0.373891028525435,1,"sim1"
2,1,0.798906715544772,1,"sim1"
1,1,0.318395851645619,1,"sim1"
2,3,0.962021474696377,1,"sim1"
1,2,0.771878078537893,0,"sim1"
1,1,0.650522712152451,0,"sim1"
1,1,0.0885783065941409,0,"sim1"
1,4,0.210467895492911,0,"sim1"
3,2,0.0951204715218758,1,"sim1"
3,3,0.0227247933873796,1,"sim1"
3,4,0.32871926383852,1,"sim1"
1,1,0.0437914002686739,0,"sim1"
1,1,0.443717118540827,1,"sim1"
4,1,0.0339541893786764,0,"sim1"
4,1,0.173770019988603,1,"sim1"
1,1,0.455571746453643,0,"sim1"
4,1,0.281695623374622,1,"sim1"
3,2,0.393108266195269,1,"sim1"
3,1,0.106584729053205,0,"sim1"
2,2,0.817219660750915,1,"sim1"
1,1,0.51867139339447,1,"sim1"
1,1,0.78070800095321,1,"sim1"
2,2,0.288212443338186,0,"sim1"
1,3,0.747909746062429,1,"sim1"
1,2,0.259683610871434,0,"sim1"
2,2,0.311876286204269,1,"sim1"
3,2,0.0309187631247533,1,"sim1"
1,1,0.436927768867463,0,"sim1"
1,2,0.455525420606136,1,"sim1"
4,1,0.424429529342537,1,"sim1"
3,3,0.0131226222642176,1,"sim1"
2,1,0.197277093771845,1,"sim1"
1,2,0.4578461023092,1,"sim1"
1,4,0.845522981057854,0,"sim1"
1,4,0.395860215380347,1,"sim1"
1,2,0.422971890307963,0,"sim1"
1,1,0.681775198318064,0,"sim1"
2,3,0.0831781032105989,1,"sim1"
1,1,1.40332606290862,0,"sim1"
1,1,0.301839744014474,0,"sim1"
4,4,0.035889489601877,1,"sim1"
1,1,0.947218762668681,1,"sim1"
1,2,1.49341537981274,1,"sim1"
4,2,0.25992466100448,1,"sim1"
3,1,0.124232311733067,0,"sim1"
1,2,0.639365036971867,1,"sim1"
3,2,0.0308197680860758,0,"sim1"
3,3,0.0302334109055286,1,"sim1"
1,2,0.442618532571942,1,"sim1"
1,3,0.504888426978141,1,"sim1"
2,3,0.73926235393657,1,"sim1"
3,1,0.188587002000001,1,"sim1"
3,1,0.0141390117285004,1,"sim1"
3,4,0.163271359188793,1,"sim1"
2,2,0.402482000660275,1,"sim1"
1,1,0.268317572772503,0,"sim1"
1,3,0.41412721760571,0,"sim1"
2,1,0.150540326816457,1,"sim1"
2,2,0.111650896129119,0,"sim1"
1,2,0.256809607613832,1,"sim1"
3,4,0.224491664091239,1,"sim1"
1,2,0.854331175981543,0,"sim1"
2,1,0.415275543551965,1,"sim1"
3,1,0.0575309922199736,1,"sim1"
1,1,0.182400568388402,0,"sim1"
4,3,0.0119482564674871,1,"sim1"
1,3,1.19652092732013,1,"sim1"
2,1,0.822297629758627,0,"sim1"
3,1,0.173018928959998,1,"sim1"
3,4,0.499576811777824,1,"sim1"
2,3,0.231682399263303,1,"sim1"
2,2,0.510078733433946,1,"sim1"
1,2,1.58159432551804,1,"sim1"
3,3,0.0621453509600196,1,"sim1"
1,1,0.00604245448060341,0,"sim1"
2,1,0.44010091573,1,"sim1"
4,2,0.105243737914529,1,"sim1"
1,2,0.492830818053335,0,"sim1"
1,2,0.269792810082436,1,"sim1"
4,1,0.491827352438122,0,"sim1"
2,1,0.343164942692965,0,"sim1"
1,1,0.358045618981123,1,"sim1"
2,2,0.056754513068034,1,"sim1"
2,2,0.541398710795377,0,"sim1"
2,2,0.349934138846882,1,"sim1"
1,2,0.182738224044442,0,"sim1"
1,4,0.114358895055751,1,"sim1"
2,2,1.41307926169577,0,"sim1"
1,3,0.640328928828239,0,"sim1"
4,3,0.159874145833475,1,"sim1"
4,1,0.0169821385954831,1,"sim1"
2,1,1.23394155218722,1,"sim1"
1,2,0.339012393251917,1,"sim1"
3,4,0.0973257205197093,1,"sim1"
3,1,0.164676583291576,1,"sim1"
3,2,0.127339765844824,1,"sim1"
1,2,0.0843765796162188,1,"sim1"
3,2,0.303308984658954,1,"sim1"
1,3,0.0547386490797971,1,"sim1"
4,2,0.100296690074149,1,"sim1"
2,1,0.604365415871143,1,"sim1"
1,2,1.96968345521929,1,"sim1"
1,1,0.23960190091854,1,"sim1"
2,1,0.279850284103304,0,"sim1"
3,4,0.128084874246269,0,"sim1"
1,2,0.849842600180524,1,"sim1"
3,2,0.757183305877161,0,"sim1"
4,1,0.179259981811817,1,"sim1"
1,1,0.661515667103231,0,"sim1"
2,1,0.177412553224713,1,"sim1"
2,1,0.0153096754583377,0,"sim1"
1,1,0.127788831322012,0,"sim1"
1,1,0.327179009063978,0,"sim1"
4,4,0.0804534399191188,1,"sim1"
3,4,0.0557403848960711,1,"sim1"
1,1,0.886731962607667,1,"sim1"
4,2,0.0116089847639986,1,"sim1"
3,1,0.294157089891551,0,"sim1"
1,2,0.562063951976597,0,"sim1"
2,2,0.275469813765162,1,"sim1"
2,3,0.396295063469318,1,"sim1"
1,1,0.0214421506971121,1,"sim1"
1,2,0.135452331509441,1,"sim1"
2,3,1.05494424230875,0,"sim1"
1,2,1.53651918648722,1,"sim1"
3,3,0.0127690621657345,1,"sim1"
2,1,0.172403978254974,1,"sim1"
1,3,2.78882298601751,1,"sim1"
2,1,1.55768271527233,1,"sim1"
2,1,0.106160858820373,0,"sim1"
4,3,0.174710768162932,1,"sim1"
1,2,0.243614124599844,1,"sim1"
2,2,0.0369522159433198,1,"sim1"
1,1,1.13243225398929,0,"sim1"
1,3,0.257201388174629,0,"sim1"
3,1,0.0551986121572554,0,"sim1"
3,1,0.0243493820101375,1,"sim1"
1,2,0.0771975535899401,0,"sim1"
4,2,0.0202141141876618,1,"sim1"
3,1,0.209131153235903,1,"sim1"
1,2,1.26193311899425,1,"sim1"
1,2,0.165108245223503,0,"sim1"
2,1,0.420622608119868,1,"sim1"
1,4,0.0758367224996249,1,"sim1"
4,3,0.065400667084551,1,"sim1"
1,3,0.445521059446037,0,"sim1"
1,2,0.0985595877282321,1,"sim1"
4,4,0.0884593384418247,1,"sim1"
2,1,0.0299312695860863,1,"sim1"
3,1,0.140914705428492,1,"sim1"
1,1,0.0525451386347413,1,"sim1"
2,2,1.17361174612762,0,"sim1"
1,1,0.210248986991045,1,"sim1"
2,1,0.219214020296931,0,"sim1"
1,2,0.466897109989077,1,"sim1"
3,1,0.151240299339756,1,"sim1"
3,2,0.0308137585323406,1,"sim1"
2,1,0.390139957424253,0,"sim1"
1,4,0.0565762957558036,0,"sim1"
2,3,0.0668564272619949,1,"sim1"
3,2,0.396944811102003,0,"sim1"
1,1,0.853130989681281,0,"sim1"
1,2,0.369217392522842,1,"sim1"
2,3,0.723869475494039,0,"sim1"
1,3,0.108161001466215,0,"sim1"
1,2,1.15706773377479,1,"sim1"
2,1,0.692391515243798,1,"sim1"
1,1,0.272786784451455,0,"sim1"
2,1,0.433947542216629,0,"sim1"
4,2,0.0585733854045417,1,"sim1"
3,3,0.0214398300529318,1,"sim1"
3,2,0.637580461762204,1,"sim1"
1,1,0.612218952272087,1,"sim1"
1,1,0.299877296667546,0,"sim1"
3,4,0.0552308075885598,1,"sim1"
2,2,0.117308654384346,0,"sim1"
2,2,0.425567044724676,1,"sim1"
2,1,0.0251499433070421,1,"sim1"
3,1,0.217452759034086,1,"sim1"
2,1,0.162866315338761,1,"sim1"
2,1,0.234688816592097,1,"sim1"
2,3,0.492040694534459,1,"sim1"
1,2,0.459956628270447,0,"sim1"
3,3,0.153475487801597,1,"sim1"
1,1,0.0695180939510465,1,"sim1"
3,3,0.201283090493477,1,"sim1"
2,2,0.525118054270912,1,"sim1"
3,2,0.0690037806606035,1,"sim1"
2,3,0.122375646352641,1,"sim1"
2,2,0.0441068257234314,1,"sim1"
3,1,0.0434889012044009,1,"sim1"
1,1,0.142871901858598,0,"sim1"
2,1,0.142369512449134,0,"sim1"
2,3,0.86474613622978,0,"sim1"
2,1,0.00966363849994734,0,"sim1"
3,3,0.0055739676620828,0,"sim1"
1,2,0.0967747075668731,0,"sim1"
2,3,0.124436206184328,0,"sim1"
2,4,0.408774869272864,1,"sim1"
1,1,0.854993945445586,1,"sim1"
1,1,0.421397006139159,0,"sim1"
2,3,0.103798144277201,1,"sim1"
2,2,0.956206610491936,1,"sim1"
3,3,0.405822628538617,1,"sim1"
3,4,0.234294076186544,1,"sim1"
1,1,1.85750987186077,1,"sim1"
2,2,0.090373816434294,0,"sim1"
2,3,0.137754780480522,1,"sim1"
1,1,0.371342668775469,1,"sim1"
4,4,0.0531131968838086,1,"sim1"
2,1,0.942781630861473,0,"sim1"
1,1,0.01305345791179,1,"sim1"
2,3,0.56954867603346,1,"sim1"
4,1,0.511478427207987,1,"sim1"
1,2,0.13046543477972,1,"sim1"
1,2,0.0421697271691564,1,"sim1"
1,2,0.261531322438752,1,"sim1"
1,1,0.159956205636263,0,"sim1"
1,2,0.659349605441093,0,"sim1"
2,1,1.03161976295979,0,"sim1"
1,3,0.862361797480223,1,"sim1"
1,3,0.0597300121752569,1,"sim1"
2,4,0.269783464331752,1,"sim1"
1,2,0.111573476567316,1,"sim1"
2,2,0.591077239252627,0,"sim1"
1,1,0.460367124062032,1,"sim1"
1,4,0.108600103703637,1,"sim1"
1,2,0.0640412615612149,0,"sim1"
3,2,0.121737315848307,1,"sim1"
2,1,0.325209929142147,0,"sim1"
2,2,0.174776045435131,1,"sim1"
4,1,0.0153651061920745,1,"sim1"
1,1,0.740656051742745,0,"sim1"
3,3,0.201115430756266,1,"sim1"
1,2,0.595945262350142,1,"sim1"
1,2,0.60102142393589,1,"sim1"
1,2,1.24084996520997,1,"sim1"
1,1,0.547225840389729,0,"sim1"
1,3,0.291031228378415,1,"sim1"
2,3,0.217071234838706,1,"sim1"
4,2,0.12941086065778,1,"sim1"
1,1,0.225531805772334,1,"sim1"
3,4,0.138057160856501,0,"sim1"
1,2,0.736880429377848,1,"sim1"
2,4,0.000814812290483214,1,"sim1"
2,3,0.469527260757944,1,"sim1"
2,2,0.119853065304386,1,"sim1"
3,3,0.105244974637725,1,"sim1"
1,1,0.176645568571985,0,"sim1"
3,2,0.552935453099838,1,"sim1"
1,2,0.810332106826979,0,"sim1"
3,3,0.579636921324033,1,"sim1"
1,3,0.621778957545757,1,"sim1"
2,1,0.711178176994336,0,"sim1"
4,1,0.102830808516764,0,"sim1"
1,1,0.0953964517717958,1,"sim1"
3,3,0.226264612129545,1,"sim1"
2,1,0.414347495418042,0,"sim1"
3,2,0.103996502064135,1,"sim1"
4,3,0.104812162934177,1,"sim1"
1,1,0.145239615812898,0,"sim1"
1,4,0.0471312526274747,1,"sim1"
4,1,0.140059035426624,1,"sim1"
1,2,0.0334890766552548,1,"sim1"
1,2,0.16428779438138,1,"sim1"
2,1,0.661468124482781,1,"sim1"
1,3,0.335435880348086,0,"sim1"
1,4,0.322297858107496,1,"sim1"
1,3,0.109592841106617,0,"sim1"
3,1,0.139238460975087,1,"sim1"
2,3,0.0844023476156706,1,"sim1"
1,3,0.316296617138262,1,"sim1"
1,3,1.06016644973511,0,"sim1"
1,1,0.169420178979635,1,"sim1"
1,1,0.541474721394479,0,"sim1"
2,4,0.269978337455541,0,"sim1"
3,2,0.374279500974526,1,"sim1"
2,1,1.8170876725668,0,"sim1"
2,3,0.736897788793849,1,"sim1"
2,3,0.0537569947868636,0,"sim1"
1,2,0.058670218102634,0,"sim1"
3,3,0.0916303110372302,1,"sim1"
1,3,0.32990708341822,0,"sim1"
1,4,0.0008962731808424,0,"sim1"
1,3,0.0637196018040365,0,"sim1"
4,2,0.0236142127536172,1,"sim1"
3,1,0.416778213823526,1,"sim1"
2,2,0.172792549185674,1,"sim1"
2,4,0.420451382835382,1,"sim1"
2,3,0.519005866255611,0,"sim1"
2,2,0.321638974826783,0,"sim1"
1,1,0.270177588071906,0,"sim1"
1,3,0.547062112018466,1,"sim1"
1,3,1.01761649824203,1,"sim1"
1,4,0.0389921576716006,0,"sim1"
3,3,0.0786893183141843,1,"sim1"
1,4,0.486731552721399,1,"sim1"
1,2,0.126191760413349,0,"sim1"
1,4,0.676917988516019,1,"sim1"
1,1,0.0613328214471347,1,"sim1"
1,2,0.993923440688464,0,"sim1"
2,3,0.586603182207623,1,"sim1"
3,4,0.081476002180634,1,"sim1"
3,1,0.185556560890055,1,"sim1"
1,3,1.2535260375169,1,"sim1"
1,1,0.216542749987804,1,"sim1"
4,3,0.123294191024064,1,"sim1"
1,1,0.714697710582982,0,"sim1"
1,1,0.0189116146927639,1,"sim1"
1,4,0.348615582838339,1,"sim1"
1,3,1.12778837974639,1,"sim1"
1,2,0.522817450109869,0,"sim1"
4,2,0.0404011853000548,1,"sim1"
1,1,2.64251679728243,0,"sim1"
3,4,0.0214680047561416,0,"sim2"
2,2,0.456837754141398,1,"sim2"
3,3,0.18741720109377,1,"sim2"
1,4,0.284770506684611,1,"sim2"
3,1,0.164059249938825,1,"sim2"
4,4,0.0151791712004182,1,"sim2"
2,4,0.0776522102942989,0,"sim2"
1,3,0.669281163452722,0,"sim2"
2,4,0.122574797142792,1,"sim2"
3,3,0.276734246761339,1,"sim2"
2,1,0.507780128030307,0,"sim2"
3,3,0.0426609226346517,1,"sim2"
2,3,0.240779831439332,1,"sim2"
4,2,0.000719652798813463,1,"sim2"
4,4,0.0129539314812636,1,"sim2"
1,3,0.749377408775067,0,"sim2"
4,3,0.0733764554757053,1,"sim2"
4,4,0.0270640221989318,1,"sim2"
3,4,0.0830706370124863,1,"sim2"
2,1,0.211047922099878,1,"sim2"
1,4,0.244813733940111,1,"sim2"
2,3,0.116556035766988,0,"sim2"
4,2,0.0179978720599303,1,"sim2"
1,1,0.396789860104107,0,"sim2"
2,3,0.0360175733818152,0,"sim2"
2,3,0.315470721027867,0,"sim2"
2,4,0.0886523310066231,1,"sim2"
4,2,0.0140553129759799,1,"sim2"
3,4,0.0065986763466446,1,"sim2"
4,4,0.00591441380038676,1,"sim2"
2,1,0.293535188861132,0,"sim2"
1,3,0.0427493790627144,0,"sim2"
2,3,0.0688377537832378,0,"sim2"
2,2,0.108230662644953,1,"sim2"
4,4,0.0118967837153537,1,"sim2"
3,3,0.0347569881115624,1,"sim2"
3,2,0.0498792019856771,1,"sim2"
4,3,0.00091910127175084,1,"sim2"
3,4,0.000613065994040664,1,"sim2"
4,3,0.0257596049114445,1,"sim2"
4,4,0.0162534021570212,1,"sim2"
3,3,0.0645960572926218,1,"sim2"
3,3,0.236359604227408,1,"sim2"
3,4,0.240178436680195,1,"sim2"
4,4,0.002562033460881,1,"sim2"
4,4,0.0417307426545759,1,"sim2"
4,3,0.0882026588926285,1,"sim2"
3,3,0.00449292575420369,1,"sim2"
4,3,0.0578510169175885,1,"sim2"
1,4,0.389776361977821,1,"sim2"
4,4,0.0323342379824319,1,"sim2"
3,3,0.0183980932191144,1,"sim2"
2,2,0.289744380910625,1,"sim2"
4,4,0.04708854849913,1,"sim2"
2,4,0.474150358313418,1,"sim2"
4,3,0.010101098112059,1,"sim2"
4,4,0.0155791886423828,1,"sim2"
3,2,0.00228999988507537,0,"sim2"
1,3,0.0390283726722642,0,"sim2"
3,4,0.184646836056562,1,"sim2"
2,3,0.340444502264115,1,"sim2"
4,4,0.00634040826065099,1,"sim2"
3,4,0.00833937932546731,1,"sim2"
4,3,0.0354441300565294,1,"sim2"
4,1,0.0473811143099353,0,"sim2"
3,3,0.0175027207003647,1,"sim2"
4,1,0.0504707667104092,0,"sim2"
4,1,0.027724928131209,0,"sim2"
2,2,0.443902833927935,1,"sim2"
3,3,0.0773289948051577,1,"sim2"
3,2,0.416008989969915,1,"sim2"
4,2,0.00545420509187565,1,"sim2"
3,2,0.00978658334277908,1,"sim2"
4,4,0.0281960170559287,1,"sim2"
3,3,0.197442099370333,1,"sim2"
4,3,0.0247916454206192,1,"sim2"
3,4,0.0336479303279427,1,"sim2"
4,2,0.0107881041841681,1,"sim2"
3,4,0.0733263345991182,1,"sim2"
4,4,0.00175869200152333,1,"sim2"
4,3,0.00990901321265911,1,"sim2"
2,3,0.200636033376529,1,"sim2"
3,3,0.414054070610866,1,"sim2"
2,2,0.0640627917111414,0,"sim2"
4,4,0.0105525715145186,1,"sim2"
3,3,0.18593425868803,1,"sim2"
1,2,0.956398337106121,1,"sim2"
1,3,0.104169107057257,0,"sim2"
1,4,0.000390162427079012,1,"sim2"
4,3,0.0369960833874748,1,"sim2"
4,4,0.0788372749347679,1,"sim2"
2,3,0.0919730579640706,1,"sim2"
3,4,0.011936570185018,0,"sim2"
2,3,0.0149386192485372,0,"sim2"
3,4,0.0622745037306316,1,"sim2"
4,3,0.0513242605375712,1,"sim2"
2,2,0.184242509005242,1,"sim2"
4,4,0.00406564140042022,1,"sim2"
3,3,0.175150133905308,1,"sim2"
2,4,0.033609770962717,0,"sim2"
4,2,0.00270160496412362,1,"sim2"
3,4,0.0757386921885009,1,"sim2"
3,3,0.114695578451611,0,"sim2"
2,1,0.0275622783228755,1,"sim2"
3,3,0.174179110152606,0,"sim2"
1,3,0.138705377466977,1,"sim2"
1,3,0.0525331192770974,0,"sim2"
4,2,0.0364987057882752,1,"sim2"
3,3,0.141475232414247,1,"sim2"
4,4,0.00860797862388967,1,"sim2"
3,1,0.0323423465969473,1,"sim2"
3,4,0.0493786143296414,1,"sim2"
4,4,0.0144633718070139,1,"sim2"
3,1,0.00971997553381612,0,"sim2"
3,2,0.0733854028510852,1,"sim2"
4,4,0.0239724649281005,1,"sim2"
2,4,0.0613971642068628,0,"sim2"
2,1,0.130205689210591,0,"sim2"
4,2,0.0145157192801538,1,"sim2"
3,3,0.0767677345318294,1,"sim2"
4,2,0.0150262940108407,1,"sim2"
3,4,0.32100175570912,0,"sim2"
3,4,0.212235164320266,1,"sim2"
4,3,0.059323470469028,0,"sim2"
3,4,0.0870258177179462,1,"sim2"
1,2,0.376054258418931,1,"sim2"
4,4,0.0405808079756387,1,"sim2"
4,4,0.0311297302280961,1,"sim2"
4,4,0.0644110282019758,1,"sim2"
2,3,0.385171409168567,1,"sim2"
4,2,0.0267869962217431,1,"sim2"
1,3,0.730126544791174,1,"sim2"
2,3,0.367126384958717,1,"sim2"
3,2,0.167661723279471,0,"sim2"
2,4,0.351597728612962,1,"sim2"
2,3,0.156448271194127,1,"sim2"
4,1,0.0353383007723476,1,"sim2"
2,2,1.5842644271454,1,"sim2"
1,2,0.372222060767991,0,"sim2"
3,3,0.120807900562367,1,"sim2"
3,4,0.0101698248324303,1,"sim2"
3,3,0.0920329444861503,1,"sim2"
4,4,0.0328062358464536,1,"sim2"
4,3,0.00422856708028444,1,"sim2"
4,1,0.0130011226957337,1,"sim2"
4,3,0.00887659068150731,1,"sim2"
4,3,0.022065064494222,1,"sim2"
4,4,0.00496632900684299,1,"sim2"
4,3,0.00123656674644116,1,"sim2"
3,2,0.317035668079706,1,"sim2"
4,1,0.516815298032954,1,"sim2"
2,4,0.256881889634114,1,"sim2"
3,4,0.121750200384187,1,"sim2"
4,3,0.00339002288927122,1,"sim2"
4,4,0.00958644232325076,1,"sim2"
3,4,0.0331419557185738,1,"sim2"
4,2,0.0200031542175402,1,"sim2"
4,3,0.0619756767350709,1,"sim2"
3,3,0.0447638458771886,1,"sim2"
4,3,0.0398037873537098,0,"sim2"
2,4,0.00300569367058851,1,"sim2"
3,4,0.0720238016260601,0,"sim2"
4,2,0.023472586313942,1,"sim2"
3,4,0.0477245345321047,1,"sim2"
3,4,0.0318564112166092,1,"sim2"
2,4,0.0246039994768249,1,"sim2"
3,2,0.0030947515371384,1,"sim2"
4,3,0.00693501372533546,1,"sim2"
3,3,0.0928421858774487,1,"sim2"
4,3,0.0386786172177103,1,"sim2"
4,2,0.0571796476602427,1,"sim2"
4,3,0.0355462233234658,1,"sim2"
1,4,0.824018303322145,1,"sim2"
3,2,0.0552260998151012,1,"sim2"
2,3,0.0258809073179022,1,"sim2"
4,2,0.000212585205550979,1,"sim2"
3,4,0.0407260287808469,1,"sim2"
2,4,0.0281530682108999,0,"sim2"
1,4,0.0486524856533065,1,"sim2"
4,2,0.0115397741899061,1,"sim2"
4,1,0.0217508071240341,1,"sim2"
3,4,0.0770314302338679,1,"sim2"
2,3,0.840045375770008,1,"sim2"
4,3,0.00797738617831727,1,"sim2"
4,2,0.00218822250531199,1,"sim2"
3,3,0.065656056015599,1,"sim2"
4,3,0.0121900379697035,1,"sim2"
2,4,1.33738367396889,0,"sim2"
1,3,0.977710283681467,0,"sim2"
1,3,0.000472920103478987,0,"sim2"
4,3,0.01401201113742,1,"sim2"
3,4,0.0396407042891449,1,"sim2"
1,2,0.167125726584345,1,"sim2"
4,2,0.0079171853390431,1,"sim2"
3,1,0.00238509939785413,1,"sim2"
3,3,0.0553874167284188,1,"sim2"
3,3,0.00521860916224278,1,"sim2"
2,3,0.583105320385758,0,"sim2"
4,4,0.00866264134163794,1,"sim2"
4,2,0.0289008136415413,1,"sim2"
4,3,0.022844199931863,1,"sim2"
2,1,0.616772510576993,1,"sim2"
4,2,0.0732345586437468,1,"sim2"
2,4,0.388875415931856,0,"sim2"
3,3,0.0171715749360639,0,"sim2"
1,4,0.512615674526381,1,"sim2"
3,4,0.0115268448348075,1,"sim2"
3,4,0.156438093048802,1,"sim2"
4,3,0.0134018958558609,1,"sim2"
4,3,0.00332701990202343,1,"sim2"
3,3,0.0203131626806913,1,"sim2"
4,3,0.00258682070678408,1,"sim2"
4,3,0.000386154714329306,1,"sim2"
2,3,0.0219250985141134,0,"sim2"
4,4,0.0603525251231985,1,"sim2"
2,3,0.0571021534788648,0,"sim2"
3,4,0.13858028763704,1,"sim2"
3,3,0.0543170602954195,0,"sim2"
4,1,0.142729205028072,1,"sim2"
1,3,0.34119073602234,0,"sim2"
3,4,0.0127070438100906,1,"sim2"
2,1,0.489479824696262,0,"sim2"
3,2,0.00321207745733315,1,"sim2"
2,3,0.0200585772607246,1,"sim2"
4,4,0.0313475300210984,1,"sim2"
3,4,0.105903674850742,1,"sim2"
3,3,0.0259833084790273,1,"sim2"
2,4,0.16910105980908,0,"sim2"
2,3,0.17951777561794,1,"sim2"
1,3,0.198555639456179,0,"sim2"
4,2,0.0132625465490485,1,"sim2"
3,3,0.342066677817518,1,"sim2"
2,4,0.0136181330044958,0,"sim2"
4,4,0.018127030970174,1,"sim2"
4,3,0.0193915300324882,1,"sim2"
3,4,0.0301908826170747,1,"sim2"
4,3,0.000114083620277128,1,"sim2"
4,1,0.144326328620635,1,"sim2"
4,4,0.0279027444631268,1,"sim2"
2,2,0.120085686907134,1,"sim2"
2,4,0.0451375232525445,1,"sim2"
2,3,0.761612363031354,1,"sim2"
4,3,0.000794916303615041,0,"sim2"
4,2,0.0177230436827176,1,"sim2"
3,4,0.0152088297497306,1,"sim2"
3,2,0.136368035154726,1,"sim2"
3,4,0.0138000007166365,1,"sim2"
2,1,0.641866238621946,0,"sim2"
2,1,0.284227638971061,1,"sim2"
3,2,0.132712610163192,1,"sim2"
4,3,0.00985769152053364,1,"sim2"
4,3,0.0533641728225913,1,"sim2"
4,2,0.039222258468439,1,"sim2"
4,3,0.00779015681516491,1,"sim2"
2,4,0.258566008767133,1,"sim2"
2,2,0.132308280795878,0,"sim2"
4,3,0.05008083592338,1,"sim2"
3,3,0.0979648773992477,1,"sim2"
3,3,0.196824294326039,1,"sim2"
1,4,0.00661098422555421,1,"sim2"
3,1,0.389340716040114,1,"sim2"
1,4,0.140243031132833,0,"sim2"
2,3,0.0563675755884477,1,"sim2"
2,1,0.282925278414041,1,"sim2"
2,4,0.215708240276291,0,"sim2"
4,2,0.0137690918460603,1,"sim2"
3,4,0.0180370907887056,1,"sim2"
3,4,0.134087114763332,1,"sim2"
4,4,0.0146392017794899,1,"sim2"
2,4,0.456967193460708,1,"sim2"
1,4,0.0769459967695726,1,"sim2"
4,4,0.0206830939514076,1,"sim2"
4,4,0.0398984753627295,1,"sim2"
4,3,0.0335974389419123,1,"sim2"
2,2,0.055801869186739,0,"sim2"
3,2,0.0101171204781768,1,"sim2"
1,2,0.276657069106425,0,"sim2"
3,3,0.0125521768876296,1,"sim2"
4,4,0.0235998236335121,1,"sim2"
4,2,0.0103283958175373,1,"sim2"
3,2,0.0907704045688991,1,"sim2"
4,4,0.0539312451306957,1,"sim2"
3,4,0.132626747546451,1,"sim2"
4,3,0.113749098164791,1,"sim2"
4,4,0.0115552354422442,1,"sim2"
3,4,0.0688711186631237,1,"sim2"
4,4,0.00879307418670304,1,"sim2"
4,3,0.0187884850988409,1,"sim2"
4,4,0.00748795272060924,1,"sim2"
2,3,0.460474229325549,0,"sim2"
3,4,0.186623942869797,1,"sim2"
4,4,0.0215985147276369,1,"sim2"
4,4,0.0275810546725467,1,"sim2"
1,4,0.188701666788715,0,"sim2"
3,2,0.0375042801583098,0,"sim2"
4,1,0.0107344323141483,1,"sim2"
1,2,0.327427791919539,0,"sim2"
4,4,0.00916070713262422,1,"sim2"
4,4,0.0104352264258038,1,"sim2"
2,2,0.121802323803283,1,"sim2"
2,2,0.367871135202657,1,"sim2"
4,4,0.0873003288792578,1,"sim2"
2,2,0.596349639363793,1,"sim2"
3,2,0.109895928498696,0,"sim2"
4,2,0.0228525618874975,1,"sim2"
3,3,0.142011483113922,1,"sim2"
4,4,0.0121979820126333,1,"sim2"
4,4,0.0183604923541705,1,"sim2"
3,3,0.221314776240663,1,"sim2"
2,4,0.353287548508917,1,"sim2"
3,4,0.228626314568884,1,"sim2"
3,3,0.0541959721223954,1,"sim2"
3,2,0.0146049895522557,1,"sim2"
4,4,0.0141538189790838,1,"sim2"
3,4,0.0480120261001039,1,"sim2"
2,2,0.0546030785667114,0,"sim2"
4,1,0.00619868784187098,1,"sim2"
4,3,0.00463951255453833,1,"sim2"
3,4,0.0482566241520617,1,"sim2"
1,4,0.34196729767799,0,"sim2"
1,4,0.133700078201852,0,"sim2"
3,4,0.0949102404081976,1,"sim2"
4,4,0.0369139589151731,1,"sim2"
2,3,0.0647791719148085,1,"sim2"
4,4,0.0471241748426322,1,"sim2"
4,4,0.0453596024738804,1,"sim2"
1,1,0.0330857058687263,0,"sim2"
4,4,0.0222764501304855,1,"sim2"
3,4,0.157404822981025,1,"sim2"
1,3,0.290716271657309,0,"sim2"
4,2,0.0577106337893903,1,"sim2"
3,4,0.0673885791088025,1,"sim2"
3,2,0.0427877646255917,1,"sim2"
4,1,0.0142812520870471,1,"sim2"
3,4,0.0466516501097929,1,"sim2"
2,4,0.238492405770498,1,"sim2"
2,3,0.575738100141011,1,"sim2"
4,2,0.0198769237732469,1,"sim2"
4,2,0.00149024087225505,1,"sim2"
1,2,0.652639077517339,0,"sim2"
3,3,0.0699408844225607,1,"sim2"
4,4,0.0309164926606505,1,"sim2"
2,4,0.378655491428873,0,"sim2"
4,3,0.00354036914714999,1,"sim2"
3,3,0.0264906860007945,1,"sim2"
3,4,0.0270675335025345,1,"sim2"
1,2,0.0134993908135626,0,"sim2"
3,4,0.15784274799542,1,"sim2"
4,3,0.00976634469347114,1,"sim2"
4,2,0.00606372196825986,1,"sim2"
4,4,0.0501486457832978,1,"sim2"
2,1,0.145559562256098,1,"sim2"
2,4,0.106391909282998,0,"sim2"
4,3,0.0480989256009982,1,"sim2"
4,2,0.0182360609469081,1,"sim2"
1,2,0.105719449929877,0,"sim2"
2,3,0.180434433970122,1,"sim2"
3,3,0.0886383929790252,1,"sim2"
3,4,0.166698815481046,1,"sim2"
4,1,0.029355385201865,1,"sim2"
4,4,0.00353186569277549,1,"sim2"
4,3,0.010350181487135,1,"sim2"
1,3,0.759641632937502,0,"sim2"
3,4,0.134184142918224,0,"sim2"
3,4,0.028435952975055,1,"sim2"
2,2,0.105878520534847,0,"sim2"
4,3,0.0486930290141109,1,"sim2"
4,4,0.00842042587205552,1,"sim2"
3,3,0.00986245554444209,1,"sim2"
3,3,0.11820534599139,0,"sim2"
3,3,0.0608094352553582,1,"sim2"
3,4,0.0406659017341282,1,"sim2"
1,4,0.0890627970205992,1,"sim2"
3,3,0.252004252571431,1,"sim2"
2,4,0.814325017992142,0,"sim2"
2,1,0.0679820227073892,0,"sim2"
2,2,0.0359511876887564,1,"sim2"
4,3,0.0290195238255084,1,"sim2"
3,4,0.0357316433656139,1,"sim2"
1,2,0.0206388747050625,0,"sim2"
4,2,0.0173567841824294,1,"sim2"
3,2,0.0601510462189673,1,"sim2"
3,4,0.00889322606273187,1,"sim2"
3,2,0.0248882809109536,0,"sim2"
2,4,0.0258567069675239,1,"sim2"
1,3,0.829524501822888,0,"sim2"
4,3,0.0142133122546188,1,"sim2"
3,4,0.207603108812447,1,"sim2"
4,4,0.0056348966124189,1,"sim2"
4,3,0.0633462834232437,1,"sim2"
1,2,1.06214730553336,0,"sim2"
3,4,0.0895727510586658,1,"sim2"
3,2,0.531148522223061,1,"sim2"
2,2,0.335378292846145,0,"sim2"
4,4,0.0233756928574703,1,"sim2"
4,3,0.00417234333840448,1,"sim2"
4,3,0.0333053844384599,1,"sim2"
4,4,0.0220554889150993,1,"sim2"
4,4,0.0549216603712001,1,"sim2"
1,1,0.129949815091965,0,"sim2"
1,2,0.249811073765159,1,"sim2"
4,4,0.0208539369390073,1,"sim2"
1,3,0.141426386777312,1,"sim2"
4,2,0.00891547799574255,0,"sim2"
3,4,0.201526901446333,1,"sim2"
3,3,0.00740488468548879,0,"sim2"
2,3,0.308634905757237,1,"sim2"
4,4,0.00050427105070093,1,"sim2"
3,4,0.0142765707061917,1,"sim2"
2,3,0.0573597165186196,0,"sim2"
3,4,0.16194793078018,1,"sim2"
4,1,0.00603167787696372,1,"sim2"
4,3,0.0040545529451654,1,"sim2"
2,4,1.31734670011,1,"sim2"
4,3,0.0116894080738252,0,"sim2"
4,3,0.00955163718516738,1,"sim2"
2,1,0.891121083329129,0,"sim2"
3,4,0.025676739825141,1,"sim2"
3,3,0.00642133228370309,1,"sim2"
4,4,0.0971382001906645,1,"sim2"
2,4,0.212780302537604,1,"sim2"
4,2,0.0255307453902367,1,"sim2"
4,2,0.0025664059824291,1,"sim2"
3,4,0.0500967167210468,1,"sim2"
1,3,0.24625832401216,1,"sim2"
4,2,0.0220422613827926,1,"sim2"
3,4,0.133006772190929,1,"sim2"
3,4,0.211114014881948,1,"sim2"
4,3,0.00989209559905476,1,"sim2"
1,4,0.0590616988682767,1,"sim2"
2,1,0.796743231783521,1,"sim2"
2,4,0.222539822208215,1,"sim2"
3,4,0.0103881041196927,1,"sim2"
1,1,0.497600450191704,0,"sim2"
4,3,0.000703915991273272,1,"sim2"
4,2,0.0148523006815266,1,"sim2"
4,4,0.00123574321638061,1,"sim2"
3,3,0.211917236610977,1,"sim2"
4,4,0.00494458224253876,1,"sim2"
4,3,0.0127276651586268,1,"sim2"
3,4,0.0492105933430242,1,"sim2"
4,2,0.0159406102729145,1,"sim2"
3,2,0.0145553888949158,1,"sim2"
4,3,0.0975447791720146,1,"sim2"
1,4,0.179707536135412,0,"sim2"
2,3,0.0520678379049981,1,"sim2"
3,2,0.237577430418864,1,"sim2"
4,4,0.0347665836658947,1,"sim2"
3,4,0.038915226866661,1,"sim2"
2,3,0.192217736399608,0,"sim2"
2,4,0.259631415814725,0,"sim2"
3,4,0.121954041905417,1,"sim2"
4,3,0.0162834876883607,1,"sim2"
4,4,0.0269961523877463,0,"sim2"
4,3,0.0131261414564601,1,"sim2"
1,3,0.0399723052986451,0,"sim2"
4,1,0.0101274586134566,1,"sim2"
3,2,0.301171684817637,1,"sim2"
4,4,0.0143980097277671,1,"sim2"
4,4,0.0245562521035111,1,"sim2"
1,2,0.149418386668287,0,"sim2"
3,3,0.129710743672044,1,"sim2"
3,3,0.073952463564359,1,"sim2"
4,3,0.000591469974988054,1,"sim2"
4,2,0.0229193521810306,1,"sim2"
4,3,0.00383024861264161,1,"sim2"
4,3,0.00551935194386048,1,"sim2"
2,3,0.148330362280325,0,"sim2"
3,4,0.0522330201769715,1,"sim2"
4,1,0.0724966871030862,1,"sim2"
4,4,0.00163490886593487,1,"sim2"
4,1,0.0694616666023233,0,"sim2"
3,3,0.0912518350676812,1,"sim2"
3,2,0.0325950779967464,1,"sim2"
2,3,0.0953062492083057,1,"sim2"
3,3,0.00766461703904221,1,"sim2"
4,2,0.00458369646399139,1,"sim2"
4,4,0.0954638253884039,1,"sim2"
4,3,0.119740969605176,1,"sim2"
2,3,0.458137997593058,0,"sim2"
4,3,0.0953416600023769,1,"sim2"
4,1,0.269138266121799,1,"sim2"
3,4,0.087424362824553,1,"sim2"
2,3,0.706805962715658,1,"sim2"
3,1,0.0710344210169857,1,"sim2"
4,4,0.0201075303174158,1,"sim2"
4,4,0.0390786164805105,1,"sim2"
2,3,0.0808380760444427,1,"sim2"
3,3,0.166163793458567,1,"sim2"
4,1,0.191697036067084,1,"sim2"
1,2,0.323480678095316,0,"sim2"
4,4,0.0436844450914496,1,"sim2"
3,3,0.138632998644598,1,"sim2"
2,3,0.10728353091006,1,"sim2"
4,4,0.00873314250975365,1,"sim2"
1,1,0.647051200270653,1,"sim2"
4,3,0.0279643786040618,1,"sim2"
4,4,0.000306987905711589,1,"sim2"
2,3,0.443564954892141,1,"sim2"
2,2,0.625748896242605,0,"sim2"
3,4,0.013750955657909,1,"sim2"
3,4,0.00444465654361447,1,"sim2"
3,4,0.0275651985836834,1,"sim2"
4,4,0.0271084557597291,1,"sim2"
3,4,0.0769481593295534,1,"sim2"
4,3,0.0336087344599024,1,"sim2"
2,4,0.0196583880525898,0,"sim2"
2,4,0.0282144599464049,1,"sim2"
3,1,0.0468813364746511,1,"sim2"
3,4,0.0117597579118664,1,"sim2"
3,3,0.0101948211141083,0,"sim2"
4,4,0.0108267970241527,1,"sim2"
1,4,0.084577845806028,1,"sim2"
3,4,0.099399545611109,1,"sim2"
3,2,0.0575046362272088,1,"sim2"
4,3,0.0244194159785562,1,"sim2"
3,3,0.0303715226359368,1,"sim2"
2,2,0.0325279300638773,1,"sim2"
4,4,0.0313843720820327,1,"sim2"
4,1,0.0519301631739476,0,"sim2"
3,4,0.0628121685330218,1,"sim2"
3,4,0.0633471920279104,1,"sim2"
3,4,0.130784624130748,1,"sim2"
4,4,0.0286800312609464,1,"sim2"
2,4,0.137473418089095,1,"sim2"
2,3,0.169055247674661,1,"sim2"
1,3,0.101011191435113,0,"sim2"
4,4,0.00530399969060057,1,"sim2"
1,2,0.136190887336164,0,"sim2"
3,4,0.0776666258512388,1,"sim2"
3,1,0.000141593144889158,1,"sim2"
2,3,0.365668198351658,1,"sim2"
3,3,0.0208273397925669,1,"sim2"
4,1,0.0497142058629378,1,"sim2"
4,4,0.010045737398627,1,"sim2"
3,2,0.0481344037840881,0,"sim2"
3,4,0.199070269817798,1,"sim2"
4,1,0.273801094367248,1,"sim2"
2,4,0.293707582742791,1,"sim2"
4,3,0.0448162666331123,1,"sim2"
2,2,0.146982002682573,0,"sim2"
4,4,0.00224350950833412,1,"sim2"
4,1,0.0494279885245661,0,"sim2"
4,3,0.0500608136108192,1,"sim2"
3,2,0.0491244691771591,1,"sim2"
2,1,0.127128632880899,0,"sim2"
4,4,0.0239628942226492,1,"sim2"
1,4,0.0367058564534135,1,"sim2"
2,2,0.296504980324918,1,"sim2"
3,4,0.00352972271075669,1,"sim2"
3,4,0.0173158061327765,1,"sim2"
4,3,0.015556239243437,1,"sim2"
2,4,0.188397665178237,0,"sim2"
1,4,0.251005824276355,1,"sim2"
2,4,0.449597362152234,1,"sim2"
4,2,0.0146756258159616,1,"sim2"
2,3,0.0657326144161492,1,"sim2"
2,4,0.0673781489226497,0,"sim2"
2,4,0.837091397018962,1,"sim2"
4,4,0.00398438071212264,1,"sim2"
4,4,0.023248449247083,1,"sim2"
3,1,0.134748871479163,1,"sim2"
3,2,0.176797117636964,1,"sim2"
4,3,0.0892815999173897,1,"sim2"
2,3,0.573896574956236,1,"sim2"
2,3,0.653066074660274,1,"sim2"
3,4,0.202124395279626,1,"sim2"
4,1,0.0432830941512434,1,"sim2"
2,4,0.432385212022004,0,"sim2"
1,4,0.218460171180862,1,"sim2"
2,4,0.273289797155757,0,"sim2"
1,3,0.232204805645387,0,"sim2"
4,2,0.0439281005512785,1,"sim2"
3,3,0.0300268426708496,1,"sim2"
3,1,0.0730634948244971,1,"sim2"
2,3,0.5612731825206,1,"sim2"
3,3,0.18091475297514,1,"sim2"
4,4,0.0775584407252797,1,"sim2"
2,4,0.258413843989382,1,"sim2"
2,4,0.480687997286972,1,"sim2"
1,4,0.0499541522867863,1,"sim2"
4,1,0.0371702020296116,1,"sim2"
1,4,0.379066914404987,1,"sim2"
3,4,0.365099797230105,1,"sim2"
1,4,0.0326779203584725,0,"sim2"
4,4,0.0014424097074257,1,"sim2"
3,4,0.132220681365121,1,"sim2"
2,3,0.456847017655475,1,"sim2"
1,2,0.0804002929477595,0,"sim2"
4,2,0.0195575176301782,1,"sim2"
2,4,0.592123773112964,1,"sim2"
4,4,0.0050925973611745,1,"sim2"
2,1,0.0332105690630559,0,"sim2"
4,4,0.0504314482307258,1,"sim2"
4,4,0.000444758548071189,1,"sim2"
1,4,0.271502088905393,1,"sim2"
2,4,0.121747074365358,0,"sim2"
3,4,0.131499588519499,0,"sim2"
1,3,0.492187195923179,1,"sim2"
4,4,0.0856896366969811,1,"sim2"
